region_id,region,party,candidate,withdrawn,on_the_ballot,order,notable
1,East Midlands,Brexit Party,Annunziata Rees-Mogg,FALSE,Brexit Party,1,TRUE
1,East Midlands,Brexit Party,Jonathan Deryck Bullock,FALSE,Brexit Party,2,FALSE
1,East Midlands,Brexit Party,Matthew Richard Patten,FALSE,Brexit Party,3,FALSE
1,East Midlands,Brexit Party,Tracy Selina Knowles,FALSE,Brexit Party,4,FALSE
1,East Midlands,Brexit Party,Anna Louisa Bailey,FALSE,Brexit Party,5,FALSE
1,East Midlands,Change UK,Kate Godfrey,FALSE,Change UK,1,FALSE
1,East Midlands,Change UK,Joan Laplana,FALSE,Change UK,2,FALSE
1,East Midlands,Change UK,Narinder Sharma,FALSE,Change UK,3,FALSE
1,East Midlands,Change UK,Pankajhumar Gulab,FALSE,Change UK,4,FALSE
1,East Midlands,Change UK,Emma-Jane Marley,FALSE,Change UK,5,FALSE
1,East Midlands,Conservative,Emma McClarkin,FALSE,Conservative,1,FALSE
1,East Midlands,Conservative,Rupert Matthews,FALSE,Conservative,2,FALSE
1,East Midlands,Conservative,Anthony Harper,FALSE,Conservative,3,FALSE
1,East Midlands,Conservative,Brendan Clarke-Smith,FALSE,Conservative,4,FALSE
1,East Midlands,Conservative,Thomas Randall,FALSE,Conservative,5,FALSE
1,East Midlands,Greens,Kat Boettge,FALSE,Greens,1,FALSE
1,East Midlands,Greens,Gerhard Lohmann-Bond,FALSE,Greens,2,FALSE
1,East Midlands,Greens,Liam McClelland,FALSE,Greens,3,FALSE
1,East Midlands,Greens,Daniel Wimberley,FALSE,Greens,4,FALSE
1,East Midlands,Greens,Simon Tooke,FALSE,Greens,5,FALSE
1,East Midlands,Independent,Simon Louis Rood,FALSE,Simon Louis Rood,1,FALSE
1,East Midlands,Independent Network,Nick Byatt,FALSE,Independent Network,1,FALSE
1,East Midlands,Independent Network,Marianne Jane Overton,FALSE,Independent Network,2,FALSE
1,East Midlands,Independent Network,Daniel Anthony Simpson,FALSE,Independent Network,3,FALSE
1,East Midlands,Independent Network,Pearl Winifred Clarke,FALSE,Independent Network,4,FALSE
1,East Midlands,Independent Network,Nikki Dillon,FALSE,Independent Network,5,FALSE
1,East Midlands,Labour,Rory Palmer,FALSE,Labour,1,FALSE
1,East Midlands,Labour,Leonie Mathers,FALSE,Labour,2,FALSE
1,East Midlands,Labour,Tony Tinley,FALSE,Labour,3,FALSE
1,East Midlands,Labour,Nicolle Ndiweni,FALSE,Labour,4,FALSE
1,East Midlands,Labour,Gary Godden,FALSE,Labour,5,FALSE
1,East Midlands,Liberal Democrats,Bill Newton Dunn,FALSE,Liberal Democrats,1,FALSE
1,East Midlands,Liberal Democrats,Michael Mullaney,FALSE,Liberal Democrats,2,FALSE
1,East Midlands,Liberal Democrats,Lucy Care,FALSE,Liberal Democrats,3,FALSE
1,East Midlands,Liberal Democrats,Suzanna Austin,FALSE,Liberal Democrats,4,FALSE
1,East Midlands,Liberal Democrats,Caroline Kenyon,FALSE,Liberal Democrats,5,FALSE
1,East Midlands,Ukip,Alan Graves,FALSE,Ukip,1,FALSE
1,East Midlands,Ukip,Marietta King,FALSE,Ukip,2,FALSE
1,East Midlands,Ukip,Anil Bhatti,FALSE,Ukip,3,FALSE
1,East Midlands,Ukip,Fran Loi,FALSE,Ukip,4,FALSE
1,East Midlands,Ukip,John Evans,FALSE,Ukip,5,FALSE
2,East of England,Brexit Party,Richard Tice,FALSE,Brexit Party,1,FALSE
2,East of England,Brexit Party,Michael Heaver,FALSE,Brexit Party,2,FALSE
2,East of England,Brexit Party,June Mummery,FALSE,Brexit Party,3,FALSE
2,East of England,Brexit Party,Paul Hearn,FALSE,Brexit Party,4,FALSE
2,East of England,Brexit Party,Priscilla Huby,FALSE,Brexit Party,5,FALSE
2,East of England,Brexit Party,Sean Lever,FALSE,Brexit Party,6,FALSE
2,East of England,Brexit Party,Edmund Forham,FALSE,Brexit Party,7,FALSE
2,East of England,Change UK,Emma Taylor,FALSE,Change UK,1,FALSE
2,East of England,Change UK,Neil Carmichael,FALSE,Change UK,2,FALSE
2,East of England,Change UK,Bhavna Joshi,FALSE,Change UK,3,FALSE
2,East of England,Change UK,Michelle de Vries,FALSE,Change UK,4,FALSE
2,East of England,Change UK,Amanda Gummer,FALSE,Change UK,5,FALSE
2,East of England,Change UK,Thomas Graham,FALSE,Change UK,6,FALSE
2,East of England,Change UK,Roger Casale,FALSE,Change UK,7,FALSE
2,East of England,Conservative,Geoffrey van Orden,FALSE,Conservative,1,FALSE
2,East of England,Conservative,John Flack,FALSE,Conservative,2,FALSE
2,East of England,Conservative,Joe Rich,FALSE,Conservative,3,FALSE
2,East of England,Conservative,Thomas McLaren,FALSE,Conservative,4,FALSE
2,East of England,Conservative,Joel Charles,FALSE,Conservative,5,FALSE
2,East of England,Conservative,Wassim Mughal,FALSE,Conservative,6,FALSE
2,East of England,Conservative,Thomas Smith,FALSE,Conservative,7,FALSE
2,East of England,English Democrats,Robin Tilbrook,FALSE,English Democrats,1,FALSE
2,East of England,English Democrats,Charles Vickers,FALSE,English Democrats,2,FALSE
2,East of England,English Democrats,Bridget Vickers,FALSE,English Democrats,3,FALSE
2,East of England,English Democrats,Paul Wiffen,FALSE,English Democrats,4,FALSE
2,East of England,Greens,Catherine Rowett,FALSE,Greens,1,FALSE
2,East of England,Greens,Rupert Read,FALSE,Greens,2,FALSE
2,East of England,Greens,Martin Schmierer,FALSE,Greens,3,FALSE
2,East of England,Greens,Fiona Radic,FALSE,Greens,4,FALSE
2,East of England,Greens,Paul Jeater,FALSE,Greens,5,FALSE
2,East of England,Greens,Pallavi Devulapalli,FALSE,Greens,6,FALSE
2,East of England,Greens,Jeremy Lloyd Caddick,FALSE,Greens,7,FALSE
2,East of England,Independent,Attila Csordas,FALSE,Attila Csordas,1,FALSE
2,East of England,Labour,Alex Mayer,FALSE,Labour,1,FALSE
2,East of England,Labour,Chris Vince,FALSE,Labour,2,FALSE
2,East of England,Labour,Sharon Taylor,FALSE,Labour,3,FALSE
2,East of England,Labour,Alvin Shum,FALSE,Labour,4,FALSE
2,East of England,Labour,Anna Smith,FALSE,Labour,5,FALSE
2,East of England,Labour,Adam Scott,FALSE,Labour,6,FALSE
2,East of England,Labour,Javeria Hussain,FALSE,Labour,7,FALSE
2,East of England,Liberal Democrats,Barbara Gibson,FALSE,Liberal Democrats,1,FALSE
2,East of England,Liberal Democrats,Lucy Nethsingha,FALSE,Liberal Democrats,2,FALSE
2,East of England,Liberal Democrats,Fionna Tod,FALSE,Liberal Democrats,3,FALSE
2,East of England,Liberal Democrats,Stephen Robinson,FALSE,Liberal Democrats,4,FALSE
2,East of England,Liberal Democrats,Sandy Walkington,FALSE,Liberal Democrats,5,FALSE
2,East of England,Liberal Democrats,Marie Goldman,FALSE,Liberal Democrats,6,FALSE
2,East of England,Liberal Democrats,Julia Ewart,FALSE,Liberal Democrats,7,FALSE
2,East of England,Ukip,Stuart Agnew,FALSE,Ukip,1,FALSE
2,East of England,Ukip,Paul Oakley,FALSE,Ukip,2,FALSE
2,East of England,Ukip,Liz Jones,FALSE,Ukip,3,FALSE
2,East of England,Ukip,William Ashpole,FALSE,Ukip,4,FALSE
2,East of England,Ukip,Alan Graves Jr,FALSE,Ukip,5,FALSE
2,East of England,Ukip,John Wallace,FALSE,Ukip,6,FALSE
2,East of England,Ukip,John Whitby,FALSE,Ukip,7,FALSE
3,London,Animal Welfare Party,Vanessa Hudson,FALSE,Animal Welfare Party,1,FALSE
3,London,Animal Welfare Party,Jane Smith,FALSE,Animal Welfare Party,2,FALSE
3,London,Animal Welfare Party,Sam Morland,FALSE,Animal Welfare Party,3,FALSE
3,London,Animal Welfare Party,Ranjan Joshi,FALSE,Animal Welfare Party,4,FALSE
3,London,Animal Welfare Party,Mina de Rui,FALSE,Animal Welfare Party,5,FALSE
3,London,Animal Welfare Party,Jonathan Homan,FALSE,Animal Welfare Party,6,FALSE
3,London,Brexit Party,Benyamin Habib,FALSE,Brexit Party,1,FALSE
3,London,Brexit Party,Lance Forman,FALSE,Brexit Party,2,FALSE
3,London,Brexit Party,Graham Shore,FALSE,Brexit Party,3,FALSE
3,London,Brexit Party,Alka Sehgal Cuthbert,FALSE,Brexit Party,4,FALSE
3,London,Brexit Party,Jimi Ogunnusi,FALSE,Brexit Party,5,FALSE
3,London,Brexit Party,Simon Marcus,FALSE,Brexit Party,6,FALSE
3,London,Brexit Party,Mehrtash A’zami,FALSE,Brexit Party,7,FALSE
3,London,Brexit Party,Aileen Quinton,FALSE,Brexit Party,8,FALSE
3,London,Change UK,Gavin Esler,FALSE,Change UK,1,FALSE
3,London,Change UK,Jan Vincent-Rostowski,FALSE,Change UK,2,FALSE
3,London,Change UK,Carole Tongue,FALSE,Change UK,3,FALSE
3,London,Change UK,Annabelle Mullin,FALSE,Change UK,4,FALSE
3,London,Change UK,Karen Newman,FALSE,Change UK,5,FALSE
3,London,Change UK,Ali Sadjady Naiery,TRUE,Change UK,6,FALSE
3,London,Change UK,Nora Mulready,FALSE,Change UK,7,FALSE
3,London,Change UK,Jessica Simor,FALSE,Change UK,8,FALSE
3,London,Conservative,Syed Kamall,FALSE,Conservative,1,FALSE
3,London,Conservative,Charles Tannock,FALSE,Conservative,2,FALSE
3,London,Conservative,Joy Morrissey,FALSE,Conservative,3,FALSE
3,London,Conservative,Timothy Barnes,FALSE,Conservative,4,FALSE
3,London,Conservative,Scott Pattenden,FALSE,Conservative,5,FALSE
3,London,Conservative,Attic Rahman,FALSE,Conservative,6,FALSE
3,London,Conservative,Kirsty Finlayson,FALSE,Conservative,7,FALSE
3,London,Conservative,Luke Parker,FALSE,Conservative,8,FALSE
3,London,Greens,Scott Aisline,FALSE,Greens,1,FALSE
3,London,Greens,Gulnar Hasnain,FALSE,Greens,2,FALSE
3,London,Greens,Shahrar Ali,FALSE,Greens,3,FALSE
3,London,Greens,Rachel Collinson,FALSE,Greens,4,FALSE
3,London,Greens,Eleanor Margolies,FALSE,Greens,5,FALSE
3,London,Greens,Remo van der Stoep,FALSE,Greens,6,FALSE
3,London,Greens,Kirsten De Keyser,FALSE,Greens,7,FALSE
3,London,Greens,Peter Underwood,FALSE,Greens,8,FALSE
3,London,Independent,Daze Aghaji,FALSE,Daze Aghaji,1,FALSE
3,London,Independent,Steve Bray,TRUE,Steve Bray,1,FALSE
3,London,Independent,Roger Hallam,FALSE,Roger Hallam,1,FALSE
3,London,Independent,Alan Kirby,FALSE,Alan Kirby,1,FALSE
3,London,Independent,Kofi Mawuli Klu,FALSE,Kofi Mawuli Klu,1,FALSE
3,London,Independent,Zoe Delemere Lafferty,FALSE,Zoe Delemere Lafferty,1,FALSE
3,London,Independent,Claudia McDowell,FALSE,Claudia McDowell,1,FALSE
3,London,Independent,Andrew Medhurst,FALSE,Andrew Medhurst,1,FALSE
3,London,Independent,Henry Muss,FALSE,Henry Muss,1,FALSE
3,London,Independent,Mike Shad,FALSE,Mike Shad,1,FALSE
3,London,Independent,Ian Sowden,FALSE,Ian Sowden,1,FALSE
3,London,Independent,Andrea Venzon,FALSE,Andrea Venzon,1,FALSE
3,London,Labour,Claude Moraes,FALSE,Labour,1,FALSE
3,London,Labour,Seb Dance,FALSE,Labour,2,FALSE
3,London,Labour,Katy Clark,FALSE,Labour,3,FALSE
3,London,Labour,Laura Parker,FALSE,Labour,4,FALSE
3,London,Labour,Murad Qureishi,FALSE,Labour,5,FALSE
3,London,Labour,Taranjit Chana,FALSE,Labour,6,FALSE
3,London,Labour,James Beckles,FALSE,Labour,7,FALSE
3,London,Labour,Sanchia Alasia,FALSE,Labour,8,FALSE
3,London,Liberal Democrats,Irina Von Wiese,FALSE,Liberal Democrats,1,FALSE
3,London,Liberal Democrats,Dinesh Dhamija,FALSE,Liberal Democrats,2,FALSE
3,London,Liberal Democrats,Luisa Porritt,FALSE,Liberal Democrats,3,FALSE
3,London,Liberal Democrats,Jonathan Fryer,FALSE,Liberal Democrats,4,FALSE
3,London,Liberal Democrats,Hussain Khan,FALSE,Liberal Democrats,5,FALSE
3,London,Liberal Democrats,Helen Cross,FALSE,Liberal Democrats,6,FALSE
3,London,Liberal Democrats,Graham Colley,FALSE,Liberal Democrats,7,FALSE
3,London,Liberal Democrats,Rabina Khan,FALSE,Liberal Democrats,8,FALSE
3,London,UK European Union Party,Pierre Kirk,FALSE,UK European Union Party,1,FALSE
3,London,UK European Union Party,Richard Stevens,FALSE,UK European Union Party,2,FALSE
3,London,UK European Union Party,Saleyha Ahsan,FALSE,UK European Union Party,3,FALSE
3,London,UK European Union Party,Anna Novikova,FALSE,UK European Union Party,4,FALSE
3,London,UK European Union Party,Angela Antetomaso,FALSE,UK European Union Party,5,FALSE
3,London,UK European Union Party,Richard Boardman,FALSE,UK European Union Party,6,FALSE
3,London,Ukip,Gerard Batten,FALSE,Ukip,1,TRUE
3,London,Ukip,Richard Braine,FALSE,Ukip,2,FALSE
3,London,Ukip,Pete Muswell,FALSE,Ukip,3,FALSE
3,London,Ukip,Freddy Vachha,FALSE,Ukip,4,FALSE
3,London,Ukip,Peter McIlvenna,FALSE,Ukip,5,FALSE
3,London,Ukip,Robert Stephenson,FALSE,Ukip,6,FALSE
3,London,Ukip,John Poynton,FALSE,Ukip,7,FALSE
3,London,Ukip,Ronie Johnson,FALSE,Ukip,8,FALSE
3,London,Women’s Equality Party,Catherine Mayer,FALSE,Women’s Equality Party,1,FALSE
3,London,Women’s Equality Party,Bea Gare,FALSE,Women’s Equality Party,2,FALSE
3,London,Women’s Equality Party,Nanci Hogan,FALSE,Women’s Equality Party,3,FALSE
3,London,Women’s Equality Party,Aliyah Dunbar-Hussain,FALSE,Women’s Equality Party,4,FALSE
3,London,Women’s Equality Party,Hannah Barham-Brown,FALSE,Women’s Equality Party,5,FALSE
3,London,Women’s Equality Party,Alison Marshall,FALSE,Women’s Equality Party,6,FALSE
3,London,Women’s Equality Party,Olivia Vincenti,FALSE,Women’s Equality Party,7,FALSE
3,London,Women’s Equality Party,Leyla Mohan,FALSE,Women’s Equality Party,8,FALSE
4,North East,Brexit Party,Brian Monteith,FALSE,Brexit Party,1,FALSE
4,North East,Brexit Party,John Tennant,FALSE,Brexit Party,2,FALSE
4,North East,Brexit Party,Richard Monaghan,FALSE,Brexit Party,3,FALSE
4,North East,Change UK,Frances Weetman,FALSE,Change UK,1,FALSE
4,North East,Change UK,Penny Hawley,FALSE,Change UK,2,FALSE
4,North East,Change UK,Kathryn Heywood,FALSE,Change UK,3,FALSE
4,North East,Conservative,Richard Lawrie,FALSE,Conservative,1,FALSE
4,North East,Conservative,Chris Galley,FALSE,Conservative,2,FALSE
4,North East,Conservative,Duncan Crute,FALSE,Conservative,3,FALSE
4,North East,Greens,Rachel Featherstone,FALSE,Greens,1,FALSE
4,North East,Greens,Jonathan Elmer,FALSE,Greens,2,FALSE
4,North East,Greens,Dawn Furness,FALSE,Greens,3,FALSE
4,North East,Labour,Jude Kirton-Darling,FALSE,Labour,1,FALSE
4,North East,Labour,Paul Brannen,FALSE,Labour,2,FALSE
4,North East,Labour,Clare Penny-Evans,FALSE,Labour,3,FALSE
4,North East,Liberal Democrats,Fiona Hall,FALSE,Liberal Democrats,1,FALSE
4,North East,Liberal Democrats,Julie Porksen,FALSE,Liberal Democrats,2,FALSE
4,North East,Liberal Democrats,Aidan King,FALSE,Liberal Democrats,3,FALSE
4,North East,Ukip,Richard Elvin,FALSE,Ukip,1,FALSE
4,North East,Ukip,Chris Gallacher,FALSE,Ukip,2,FALSE
4,North East,Ukip,Alan John Breeze,FALSE,Ukip,3,FALSE
5,North West,Brexit Party,Claire Fox,FALSE,Brexit Party,1,FALSE
5,North West,Brexit Party,Henrik Eyser Overgaard Nielsen,FALSE,Brexit Party,2,FALSE
5,North West,Brexit Party,David Bull,FALSE,Brexit Party,3,FALSE
5,North West,Brexit Party,Gary Harvey,FALSE,Brexit Party,4,FALSE
5,North West,Brexit Party,Ajay Jagota,FALSE,Brexit Party,5,FALSE
5,North West,Brexit Party,Elizabeth Oyedoyin Babade,FALSE,Brexit Party,6,FALSE
5,North West,Brexit Party,Sally Ann Bate,FALSE,Brexit Party,7,FALSE
5,North West,Brexit Party,John Howard Banks,FALSE,Brexit Party,8,FALSE
5,North West,Change UK,Andrea Cooper,FALSE,Change UK,1,FALSE
5,North West,Change UK,Daniel Price,FALSE,Change UK,2,FALSE
5,North West,Change UK,Arun Banerji,FALSE,Change UK,3,FALSE
5,North West,Change UK,Michael Taylor,FALSE,Change UK,4,FALSE
5,North West,Change UK,Philippa Olive,FALSE,Change UK,5,FALSE
5,North West,Change UK,Victoria Desmond,FALSE,Change UK,6,FALSE
5,North West,Change UK,Andrew Graystone,FALSE,Change UK,7,FALSE
5,North West,Change UK,Elisabeth Knight,FALSE,Change UK,8,FALSE
5,North West,Conservative,Sajjad Karim,FALSE,Conservative,1,FALSE
5,North West,Conservative,Kevin Beaty,FALSE,Conservative,2,FALSE
5,North West,Conservative,Jane Howard,FALSE,Conservative,3,FALSE
5,North West,Conservative,Arnold Saunders,FALSE,Conservative,4,FALSE
5,North West,Conservative,Wendy Maisey,FALSE,Conservative,5,FALSE
5,North West,Conservative,Thomas Lord,FALSE,Conservative,6,FALSE
5,North West,Conservative,Anthony Pickles,FALSE,Conservative,7,FALSE
5,North West,Conservative,Attika Choudary,FALSE,Conservative,8,FALSE
5,North West,English Democrats,Stephen Morris,FALSE,English Democrats,1,FALSE
5,North West,English Democrats,Valerie Morris,FALSE,English Democrats,2,FALSE
5,North West,Independent,Mohammad Aslam,FALSE,Mohammad Aslam,1,FALSE
5,North West,Independent,Tommy Robinson,FALSE,Tommy Robinson,1,TRUE
5,North West,Greens,Gina Dowding,FALSE,Greens,1,FALSE
5,North West,Greens,Wendy Olsen,FALSE,Greens,2,FALSE
5,North West,Greens,Jessica Northey,FALSE,Greens,3,FALSE
5,North West,Greens,Geraldine Coggins,FALSE,Greens,4,FALSE
5,North West,Greens,Rosie Mills,FALSE,Greens,5,FALSE
5,North West,Greens,Astrid Johnson,FALSE,Greens,6,FALSE
5,North West,Greens,Daniel Jerrome,FALSE,Greens,7,FALSE
5,North West,Greens,James Booth,FALSE,Greens,8,FALSE
5,North West,Labour,Theresa Griffin,FALSE,Labour,1,FALSE
5,North West,Labour,Julie Ward,FALSE,Labour,2,FALSE
5,North West,Labour,Wajid Iltaf Kham,FALSE,Labour,3,FALSE
5,North West,Labour,Erica Lewis,FALSE,Labour,4,FALSE
5,North West,Labour,David Brennan,FALSE,Labour,5,FALSE
5,North West,Labour,Claire Cozler,FALSE,Labour,6,FALSE
5,North West,Labour,Saf Ismail,FALSE,Labour,7,FALSE
5,North West,Labour,Yvonne Tennant,FALSE,Labour,8,FALSE
5,North West,Liberal Democrats,Chris Davies,FALSE,Liberal Democrats,1,FALSE
5,North West,Liberal Democrats,Jane Brophy,FALSE,Liberal Democrats,2,FALSE
5,North West,Liberal Democrats,Helen Foster Grime,FALSE,Liberal Democrats,3,FALSE
5,North West,Liberal Democrats,Anna Fryer,FALSE,Liberal Democrats,4,FALSE
5,North West,Liberal Democrats,Sam Al-Hamdani,FALSE,Liberal Democrats,5,FALSE
5,North West,Liberal Democrats,Rebecca Forrest,FALSE,Liberal Democrats,6,FALSE
5,North West,Liberal Democrats,John Studholme,FALSE,Liberal Democrats,7,FALSE
5,North West,Liberal Democrats,Frederick Van Mierlo,FALSE,Liberal Democrats,8,FALSE
5,North West,UK European Union Party,Sophie Catherine Larroque,FALSE,UK European Union Party,1,FALSE
5,North West,Ukip,Adam Richardson,FALSE,Ukip,1,FALSE
5,North West,Ukip,Jeff Armstrong,FALSE,Ukip,2,FALSE
5,North West,Ukip,Fiona Mills,FALSE,Ukip,3,FALSE
5,North West,Ukip,Nate Rydings,FALSE,Ukip,4,FALSE
5,North West,Ukip,Michael Felse,FALSE,Ukip,5,FALSE
5,North West,Ukip,Ben Fryer,FALSE,Ukip,6,FALSE
5,North West,Ukip,John Booker,FALSE,Ukip,7,FALSE
5,North West,Ukip,Alan Craig,FALSE,Ukip,8,FALSE
8,South East,Brexit Party,Nigel Farage,FALSE,Brexit Party,1,TRUE
8,South East,Brexit Party,Alexandra Phillips,FALSE,Brexit Party,2,FALSE
8,South East,Brexit Party,Robert Rowland,FALSE,Brexit Party,3,FALSE
8,South East,Brexit Party,Belinda de Lucy,FALSE,Brexit Party,4,FALSE
8,South East,Brexit Party,James Bartholomew,FALSE,Brexit Party,5,FALSE
8,South East,Brexit Party,Christopher Ellis,FALSE,Brexit Party,6,FALSE
8,South East,Brexit Party,John Kennedy,FALSE,Brexit Party,7,FALSE
8,South East,Brexit Party,Matthew Taylor,FALSE,Brexit Party,8,FALSE
8,South East,Brexit Party,George Farmer,FALSE,Brexit Party,9,FALSE
8,South East,Brexit Party,Peter Wiltshire,FALSE,Brexit Party,10,FALSE
8,South East,Change UK,Richard Ashworth,FALSE,Change UK,1,FALSE
8,South East,Change UK,Victoria Groulef,FALSE,Change UK,2,FALSE
8,South East,Change UK,Warren Morgan,FALSE,Change UK,3,FALSE
8,South East,Change UK,Eleanor Fuller,FALSE,Change UK,4,FALSE
8,South East,Change UK,Robin Bextor,FALSE,Change UK,5,FALSE
8,South East,Change UK,Nicholas Mazzei,FALSE,Change UK,6,FALSE
8,South East,Change UK,Suzana Carp,FALSE,Change UK,7,FALSE
8,South East,Change UK,Phil Murphy,FALSE,Change UK,8,FALSE
8,South East,Change UK,Heather Allen,FALSE,Change UK,9,FALSE
8,South East,Change UK,Diane Yeo,FALSE,Change UK,10,FALSE
8,South East,Conservative,Daniel Hannan,FALSE,Conservative,1,TRUE
8,South East,Conservative,Nirj Deva,FALSE,Conservative,2,FALSE
8,South East,Conservative,Richard Robinson,FALSE,Conservative,3,FALSE
8,South East,Conservative,Michael Whiting,FALSE,Conservative,4,FALSE
8,South East,Conservative,Juliette Ash,FALSE,Conservative,5,FALSE
8,South East,Conservative,Anna Firth,FALSE,Conservative,6,FALSE
8,South East,Conservative,Adrian Pepper,FALSE,Conservative,7,FALSE
8,South East,Conservative,Clarence Mitchell,FALSE,Conservative,8,FALSE
8,South East,Conservative,Neva Sadikoglu-Novaky,FALSE,Conservative,9,FALSE
8,South East,Conservative,Caroline Newton,FALSE,Conservative,10,FALSE
8,South East,Greens,Alexandra Philips,FALSE,Greens,1,FALSE
8,South East,Greens,Elise Benjamin,FALSE,Greens,2,FALSE
8,South East,Greens,Vix Lowthion,FALSE,Greens,3,FALSE
8,South East,Greens,Leslie Groves Williams,FALSE,Greens,4,FALSE
8,South East,Greens,Phelim Mac Cafferty,FALSE,Greens,5,FALSE
8,South East,Greens,Jan Doerfel,FALSE,Greens,6,FALSE
8,South East,Greens,Larry Sanders,FALSE,Greens,7,FALSE
8,South East,Greens,Isabella Moir,FALSE,Greens,8,FALSE
8,South East,Greens,Oliver Sykes,FALSE,Greens,9,FALSE
8,South East,Greens,Jonathan Essex,FALSE,Greens,10,FALSE
8,South East,Independent,Jason McMahon,FALSE,Jason McMahon,1,FALSE
8,South East,Independent,David Round,FALSE,David Round,1,FALSE
8,South East,Independent,Michael Turberville,FALSE,Michael Turberville,1,FALSE
8,South East,Labour,John Howarth,FALSE,Labour,1,FALSE
8,South East,Labour,Cathy Shutt,FALSE,Labour,2,FALSE
8,South East,Labour,Arran Neathey,FALSE,Labour,3,FALSE
8,South East,Labour,Emma Christina Turnbull,FALSE,Labour,4,FALSE
8,South East,Labour,Rohit Dasgupta,FALSE,Labour,5,FALSE
8,South East,Labour,Amy Fowler,FALSE,Labour,6,FALSE
8,South East,Labour,Duncan Shaw Thomas Enright,FALSE,Labour,7,FALSE
8,South East,Labour,Lubna Arshad,FALSE,Labour,8,FALSE
8,South East,Labour,Simon Burgess,FALSE,Labour,9,FALSE
8,South East,Labour,Rachael Ward,FALSE,Labour,10,FALSE
8,South East,Liberal Democrats,Catherine Bearder,FALSE,Liberal Democrats,1,FALSE
8,South East,Liberal Democrats,Anthony Hook,FALSE,Liberal Democrats,2,FALSE
8,South East,Liberal Democrats,Judith Bunting,FALSE,Liberal Democrats,3,FALSE
8,South East,Liberal Democrats,Martin Tod,FALSE,Liberal Democrats,4,FALSE
8,South East,Liberal Democrats,Liz Leffman,FALSE,Liberal Democrats,5,FALSE
8,South East,Liberal Democrats,Chris Bowers,FALSE,Liberal Democrats,6,FALSE
8,South East,Liberal Democrats,Giles Goodall,FALSE,Liberal Democrats,7,FALSE
8,South East,Liberal Democrats,Ruvi Ziegler,FALSE,Liberal Democrats,8,FALSE
8,South East,Liberal Democrats,Nick Perry,FALSE,Liberal Democrats,9,FALSE
8,South East,Liberal Democrats,John Vincent,FALSE,Liberal Democrats,10,FALSE
8,South East,Socialist Party of Great Britain,Mandy Bruce,FALSE,Socialist Party of Great Britain,1,FALSE
8,South East,Socialist Party of Great Britain,Raymond Carr,FALSE,Socialist Party of Great Britain,2,FALSE
8,South East,Socialist Party of Great Britain,David Chesham,FALSE,Socialist Party of Great Britain,3,FALSE
8,South East,Socialist Party of Great Britain,Robert Cox,FALSE,Socialist Party of Great Britain,4,FALSE
8,South East,Socialist Party of Great Britain,Michael Foster,FALSE,Socialist Party of Great Britain,5,FALSE
8,South East,Socialist Party of Great Britain,Stephen Harper,FALSE,Socialist Party of Great Britain,6,FALSE
8,South East,Socialist Party of Great Britain,Neil Kirk,FALSE,Socialist Party of Great Britain,7,FALSE
8,South East,Socialist Party of Great Britain,Anton Pruden,FALSE,Socialist Party of Great Britain,8,FALSE
8,South East,Socialist Party of Great Britain,Andrew Thomas-Emans,FALSE,Socialist Party of Great Britain,9,FALSE
8,South East,Socialist Party of Great Britain,Darren Williams,FALSE,Socialist Party of Great Britain,10,FALSE
8,South East,UK European Union Party,Pacelli Ndikumana,FALSE,UK European Union Party,1,FALSE
8,South East,UK European Union Party,Clinton Powell,FALSE,UK European Union Party,2,FALSE
8,South East,Ukip,Piers Wauchope,FALSE,Ukip,1,FALSE
8,South East,Ukip,Liz Phillips,FALSE,Ukip,2,FALSE
8,South East,Ukip,Daryll Pitcher,FALSE,Ukip,3,FALSE
8,South East,Ukip,Toby Brothers,FALSE,Ukip,4,FALSE
8,South East,Ukip,Tony Gould,FALSE,Ukip,5,FALSE
8,South East,Ukip,Clive Keith Egan,FALSE,Ukip,6,FALSE
8,South East,Ukip,Troy De Leon,FALSE,Ukip,7,FALSE
8,South East,Ukip,Alan Harvey Stone,FALSE,Ukip,8,FALSE
8,South East,Ukip,Judy Moore,FALSE,Ukip,9,FALSE
8,South East,Ukip,Pat Mountain,FALSE,Ukip,10,FALSE
9,South West,Brexit Party,Ann Widdecombe,FALSE,Brexit Party,1,TRUE
9,South West,Brexit Party,James Glancy,FALSE,Brexit Party,2,FALSE
9,South West,Brexit Party,Christina Jordan,FALSE,Brexit Party,3,FALSE
9,South West,Brexit Party,Ann Tarr,FALSE,Brexit Party,4,FALSE
9,South West,Brexit Party,Roger Lane-Nott,FALSE,Brexit Party,5,FALSE
9,South West,Brexit Party,Nicola Darke,FALSE,Brexit Party,6,FALSE
9,South West,Change UK,Rachel Johnson,FALSE,Change UK,1,TRUE
9,South West,Change UK,Jim Godfrey,FALSE,Change UK,2,FALSE
9,South West,Change UK,Oli Middleton,FALSE,Change UK,3,FALSE
9,South West,Change UK,Matthew Hooberman,FALSE,Change UK,4,FALSE
9,South West,Change UK,Liz Sewell,FALSE,Change UK,5,FALSE
9,South West,Change UK,Crispin Hunt,FALSE,Change UK,6,FALSE
9,South West,Conservative,Ashley Fox,FALSE,Conservative,1,FALSE
9,South West,Conservative,James Mustoe,FALSE,Conservative,2,FALSE
9,South West,Conservative,Faye Purbrick,FALSE,Conservative,3,FALSE
9,South West,Conservative,Claire Hiscott,FALSE,Conservative,4,FALSE
9,South West,Conservative,James Taghdissian,FALSE,Conservative,5,FALSE
9,South West,Conservative,Emmeline Owens,FALSE,Conservative,6,FALSE
9,South West,Greens,Molly Scott Cato,FALSE,Greens,1,FALSE
9,South West,Greens,Cleo Lake,FALSE,Greens,2,FALSE
9,South West,Greens,Carla Denyer,FALSE,Greens,3,FALSE
9,South West,Greens,Tom Scott,FALSE,Greens,4,FALSE
9,South West,Greens,Martin Dimery,FALSE,Greens,5,FALSE
9,South West,Greens,Karen La Borde,FALSE,Greens,6,FALSE
9,South West,Independent,Larch Maxey,FALSE,Larch Maxey,1,FALSE
9,South West,Independent,Mothiur Rahman,FALSE,Mothiur Rahman,1,FALSE
9,South West,Independent,Neville Seed,FALSE,Neville Seed,1,FALSE
9,South West,Labour,Clare Moody,FALSE,Labour,1,FALSE
9,South West,Labour,Andrew Adonis,FALSE,Labour,2,TRUE
9,South West,Labour,Jayne Kirkham,FALSE,Labour,3,FALSE
9,South West,Labour,Neil Guild,FALSE,Labour,4,FALSE
9,South West,Labour,Yvonne Atkinson,FALSE,Labour,5,FALSE
9,South West,Labour,Sadik Adam Al-Hassan,FALSE,Labour,6,FALSE
9,South West,Liberal Democrats,Caroline Voaden,FALSE,Liberal Democrats,1,FALSE
9,South West,Liberal Democrats,Martin Horwood,FALSE,Liberal Democrats,2,FALSE
9,South West,Liberal Democrats,Stephen Williams,FALSE,Liberal Democrats,3,FALSE
9,South West,Liberal Democrats,Eleanor Rylance,FALSE,Liberal Democrats,4,FALSE
9,South West,Liberal Democrats,David Chalmers,FALSE,Liberal Democrats,5,FALSE
9,South West,Ukip,Lawrence Webb,FALSE,Ukip,1,FALSE
9,South West,Ukip,Carl Benjamin,FALSE,Ukip,2,TRUE
9,South West,Ukip,Tony McIntyre,FALSE,Ukip,3,FALSE
9,South West,Ukip,Lester Geoffrey Taylor,FALSE,Ukip,4,FALSE
9,South West,Ukip,Stephen Lee,FALSE,Ukip,5,FALSE
9,South West,Ukip,Richard Wright,FALSE,Ukip,6,FALSE
11,West Midlands,Brexit Party,Rupert Lowe,FALSE,Brexit Party,1,FALSE
11,West Midlands,Brexit Party,Martin Daubney,FALSE,Brexit Party,2,FALSE
11,West Midlands,Brexit Party,Andrew Kerr,FALSE,Brexit Party,3,FALSE
11,West Midlands,Brexit Party,Vishal Khatri,FALSE,Brexit Party,4,FALSE
11,West Midlands,Brexit Party,Nikki Page,FALSE,Brexit Party,5,FALSE
11,West Midlands,Brexit Party,Laura Mann Kevehazi,FALSE,Brexit Party,6,FALSE
11,West Midlands,Brexit Party,Katharine Harborne,FALSE,Brexit Party,7,FALSE
11,West Midlands,Change UK,Stephen Dorrell,FALSE,Change UK,1,FALSE
11,West Midlands,Change UK,Charlotte Gath,FALSE,Change UK,2,FALSE
11,West Midlands,Change UK,Peter Wilding,FALSE,Change UK,3,FALSE
11,West Midlands,Change UK,Amrik Kandola,FALSE,Change UK,4,FALSE
11,West Midlands,Change UK,Joanna McKenna,FALSE,Change UK,5,FALSE
11,West Midlands,Change UK,Victor Odusanya,FALSE,Change UK,6,FALSE
11,West Midlands,Change UK,Lucinda Empson,FALSE,Change UK,7,FALSE
11,West Midlands,Conservative,Anthea McIntyre,FALSE,Conservative,1,FALSE
11,West Midlands,Conservative,Daniel Dalton,FALSE,Conservative,2,FALSE
11,West Midlands,Conservative,Suzanne Webb,FALSE,Conservative,3,FALSE
11,West Midlands,Conservative,Meirion Jenkins,FALSE,Conservative,4,FALSE
11,West Midlands,Conservative,Alexander Phillips,FALSE,Conservative,5,FALSE
11,West Midlands,Conservative,Mary Noone,FALSE,Conservative,6,FALSE
11,West Midlands,Conservative,Ahmed Ejaz,FALSE,Conservative,7,FALSE
11,West Midlands,Greens,Ellie Chowns,FALSE,Greens,1,FALSE
11,West Midlands,Greens,Diana Toynbee,FALSE,Greens,2,FALSE
11,West Midlands,Greens,Paul Woodhead,FALSE,Greens,3,FALSE
11,West Midlands,Greens,Julian Dean,FALSE,Greens,4,FALSE
11,West Midlands,Greens,Louis Stephen,FALSE,Greens,5,FALSE
11,West Midlands,Greens,Helen Heathfield,FALSE,Greens,6,FALSE
11,West Midlands,Greens,Kefentse Dennis,FALSE,Greens,7,FALSE
11,West Midlands,Labour,Neen Gill,FALSE,Labour,1,FALSE
11,West Midlands,Labour,Sion Simon,FALSE,Labour,2,FALSE
11,West Midlands,Labour,Julia Buckley,FALSE,Labour,3,FALSE
11,West Midlands,Labour,Ansar Ali Khan,FALSE,Labour,4,FALSE
11,West Midlands,Labour,Zarah Sultana,FALSE,Labour,5,FALSE
11,West Midlands,Labour,Samuel Hennessy,FALSE,Labour,6,FALSE
11,West Midlands,Labour,Liz Clements,FALSE,Labour,7,FALSE
11,West Midlands,Liberal Democrats,Phil Bennion,FALSE,Liberal Democrats,1,FALSE
11,West Midlands,Liberal Democrats,Ade Adeyemo,FALSE,Liberal Democrats,2,FALSE
11,West Midlands,Liberal Democrats,Jeanie Falconer,FALSE,Liberal Democrats,3,FALSE
11,West Midlands,Liberal Democrats,Jenny Wilkinson,FALSE,Liberal Democrats,4,FALSE
11,West Midlands,Liberal Democrats,Jennifer Eileen Gray,FALSE,Liberal Democrats,5,FALSE
11,West Midlands,Liberal Democrats,Lee Dargue,FALSE,Liberal Democrats,6,FALSE
11,West Midlands,Liberal Democrats,Beverley Nielsen,FALSE,Liberal Democrats,7,FALSE
11,West Midlands,Ukip,Ernie Warrender,FALSE,Ukip,1,FALSE
11,West Midlands,Ukip,Paul Williams,FALSE,Ukip,2,FALSE
11,West Midlands,Ukip,Graham Eardley,FALSE,Ukip,3,FALSE
11,West Midlands,Ukip,Paul Allen,FALSE,Ukip,4,FALSE
11,West Midlands,Ukip,Nigel Ely,FALSE,Ukip,5,FALSE
11,West Midlands,Ukip,Joe Smyth,FALSE,Ukip,6,FALSE
11,West Midlands,Ukip,Derek Bennett,FALSE,Ukip,7,FALSE
12,Yorkshire and the Humber,Brexit Party,John Longworth,FALSE,Brexit Party,1,FALSE
12,Yorkshire and the Humber,Brexit Party,Lucy Elizabeth Harris,FALSE,Brexit Party,2,FALSE
12,Yorkshire and the Humber,Brexit Party,Jake Pugh,FALSE,Brexit Party,3,FALSE
12,Yorkshire and the Humber,Brexit Party,James Rupert Heartfield,FALSE,Brexit Party,4,FALSE
12,Yorkshire and the Humber,Brexit Party,Andrew Allison,FALSE,Brexit Party,5,FALSE
12,Yorkshire and the Humber,Brexit Party,Christopher Barker,FALSE,Brexit Party,6,FALSE
12,Yorkshire and the Humber,Change UK,Diana Wallis,FALSE,Change UK,1,FALSE
12,Yorkshire and the Humber,Change UK,Juliet Lodge,FALSE,Change UK,2,FALSE
12,Yorkshire and the Humber,Change UK,Sophia Bow,FALSE,Change UK,3,FALSE
12,Yorkshire and the Humber,Change UK,Joshua Malkin,FALSE,Change UK,4,FALSE
12,Yorkshire and the Humber,Change UK,Ros McMullen,FALSE,Change UK,5,FALSE
12,Yorkshire and the Humber,Change UK,Steve Wilson,FALSE,Change UK,6,FALSE
12,Yorkshire and the Humber,Conservative,John Procter,FALSE,Conservative,1,FALSE
12,Yorkshire and the Humber,Conservative,Amjad Bashir,FALSE,Conservative,2,FALSE
12,Yorkshire and the Humber,Conservative,Michael Naughton,FALSE,Conservative,3,FALSE
12,Yorkshire and the Humber,Conservative,Andrew Lee,FALSE,Conservative,4,FALSE
12,Yorkshire and the Humber,Conservative,Matthew Freckleton,FALSE,Conservative,5,FALSE
12,Yorkshire and the Humber,Conservative,Susan Pascoe,FALSE,Conservative,6,FALSE
12,Yorkshire and the Humber,English Democrats,David Stewart Allen,FALSE,English Democrats,1,FALSE
12,Yorkshire and the Humber,English Democrats,Tony Stewart Allen,FALSE,English Democrats,2,FALSE
12,Yorkshire and the Humber,English Democrats,Joanne Allen,FALSE,English Democrats,3,FALSE
12,Yorkshire and the Humber,English Democrats,Fiona Allen,FALSE,English Democrats,4,FALSE
12,Yorkshire and the Humber,Greens,Magid Magid,FALSE,Greens,1,TRUE
12,Yorkshire and the Humber,Greens,Alison Teal,FALSE,Greens,2,FALSE
12,Yorkshire and the Humber,Greens,Andrew Cooper,FALSE,Greens,3,FALSE
12,Yorkshire and the Humber,Greens,Louise Houghton,FALSE,Greens,4,FALSE
12,Yorkshire and the Humber,Greens,Lars Kramm,FALSE,Greens,5,FALSE
12,Yorkshire and the Humber,Greens,Ann Forsaith,FALSE,Greens,6,FALSE
12,Yorkshire and the Humber,Labour,Richard Corbett,FALSE,Labour,1,FALSE
12,Yorkshire and the Humber,Labour,Eloise Todd,FALSE,Labour,2,FALSE
12,Yorkshire and the Humber,Labour,Mohammed Jawad Khan,FALSE,Labour,3,FALSE
12,Yorkshire and the Humber,Labour,Jayne Allport,FALSE,Labour,4,FALSE
12,Yorkshire and the Humber,Labour,Martin Mayer,FALSE,Labour,5,FALSE
12,Yorkshire and the Humber,Labour,Alison Hume,FALSE,Labour,6,FALSE
12,Yorkshire and the Humber,Liberal Democrats,Shaffaq Mohammed,FALSE,Liberal Democrats,1,FALSE
12,Yorkshire and the Humber,Liberal Democrats,Rosina Robson,FALSE,Liberal Democrats,2,FALSE
12,Yorkshire and the Humber,Liberal Democrats,James Blanchard,FALSE,Liberal Democrats,3,FALSE
12,Yorkshire and the Humber,Liberal Democrats,Sophie Thornton,FALSE,Liberal Democrats,4,FALSE
12,Yorkshire and the Humber,Liberal Democrats,James Baker,FALSE,Liberal Democrats,5,FALSE
12,Yorkshire and the Humber,Liberal Democrats,Ruth Coleman-Taylor,FALSE,Liberal Democrats,6,FALSE
12,Yorkshire and the Humber,Ukip,Mike Hookem,FALSE,Ukip,1,FALSE
12,Yorkshire and the Humber,Ukip,Gary Shores,FALSE,Ukip,2,FALSE
12,Yorkshire and the Humber,Ukip,John Hancock,FALSE,Ukip,3,FALSE
12,Yorkshire and the Humber,Ukip,David Dews,FALSE,Ukip,4,FALSE
12,Yorkshire and the Humber,Ukip,Graham Waddicar,FALSE,Ukip,5,FALSE
12,Yorkshire and the Humber,Ukip,Cliff Parson,FALSE,Ukip,6,FALSE
12,Yorkshire and the Humber,Yorkshire Party,Chris Whitwood,FALSE,Yorkshire Party,1,FALSE
12,Yorkshire and the Humber,Yorkshire Party,Mike Jordan,FALSE,Yorkshire Party,2,FALSE
12,Yorkshire and the Humber,Yorkshire Party,Jack Carrington,FALSE,Yorkshire Party,3,FALSE
12,Yorkshire and the Humber,Yorkshire Party,Laura-Marie Walker,FALSE,Yorkshire Party,4,FALSE
12,Yorkshire and the Humber,Yorkshire Party,Bob Buxton,FALSE,Yorkshire Party,5,FALSE
12,Yorkshire and the Humber,Yorkshire Party,Dan Cochran,FALSE,Yorkshire Party,6,FALSE
10,Wales,Brexit Party,Nathan Gill,FALSE,Brexit Party,1,FALSE
10,Wales,Brexit Party,James Freeman Wells,FALSE,Brexit Party,2,FALSE
10,Wales,Brexit Party,Gethin James,FALSE,Brexit Party,3,FALSE
10,Wales,Brexit Party,Julie Anne Price,FALSE,Brexit Party,4,FALSE
10,Wales,Change UK,Jon Owen Jones,FALSE,Change UK,1,FALSE
10,Wales,Change UK,June Davies,FALSE,Change UK,2,FALSE
10,Wales,Change UK,Matthew Paul,FALSE,Change UK,3,FALSE
10,Wales,Change UK,Sally Stephenson,FALSE,Change UK,4,FALSE
10,Wales,Conservative,Dan Boucher,FALSE,Conservative,1,FALSE
10,Wales,Conservative,Craig Lawton,FALSE,Conservative,2,FALSE
10,Wales,Conservative,Fay Jones,FALSE,Conservative,3,FALSE
10,Wales,Conservative,Tomos Davies,FALSE,Conservative,4,FALSE
10,Wales,Greens,Anthony Slaughter,FALSE,Greens,1,FALSE
10,Wales,Greens,Ian Chandler,FALSE,Greens,2,FALSE
10,Wales,Greens,Ceri Davies,FALSE,Greens,3,FALSE
10,Wales,Greens,Duncan Rees,FALSE,Greens,4,FALSE
10,Wales,Labour,Jackie Jones,FALSE,Labour,1,FALSE
10,Wales,Labour,Matthew James Dorrance,FALSE,Labour,2,FALSE
10,Wales,Labour,Mary Wimburyscotland,FALSE,Labour,3,FALSE
10,Wales,Labour,Mark Jeffrey Denley Whitcutt,FALSE,Labour,4,FALSE
10,Wales,Liberal Democrats,Sam Bennett,FALSE,Liberal Democrats,1,FALSE
10,Wales,Liberal Democrats,Donna Lalek,FALSE,Liberal Democrats,2,FALSE
10,Wales,Liberal Democrats,Alistair Cameron,FALSE,Liberal Democrats,3,FALSE
10,Wales,Liberal Democrats,Andrew Parkhurst,FALSE,Liberal Democrats,4,FALSE
10,Wales,Plaid Cymru,Carmen Ria Smith,FALSE,Plaid Cymru,1,FALSE
10,Wales,Plaid Cymru,Ioan Rhys Bellin,FALSE,Plaid Cymru,2,FALSE
10,Wales,Plaid Cymru,Jill Evans,FALSE,Plaid Cymru,3,FALSE
10,Wales,Plaid Cymru,Patrick McGuinness,FALSE,Plaid Cymru,4,FALSE
10,Wales,Ukip,Kris Hicks,FALSE,Ukip,1,FALSE
10,Wales,Ukip,Keith Edwards,FALSE,Ukip,2,FALSE
10,Wales,Ukip,Tom Harrison,FALSE,Ukip,3,FALSE
10,Wales,Ukip,Robert McNeil Wilson,FALSE,Ukip,4,FALSE
7,Scotland,Brexit Party,Louis Stedman-Bryce,FALSE,Brexit Party,1,FALSE
7,Scotland,Brexit Party,Karina Walker,FALSE,Brexit Party,2,FALSE
7,Scotland,Brexit Party,James Ferguson-Hannah,FALSE,Brexit Party,3,FALSE
7,Scotland,Brexit Party,Stuart Waiton,FALSE,Brexit Party,4,FALSE
7,Scotland,Brexit Party,Paul Aitken,FALSE,Brexit Party,5,FALSE
7,Scotland,Brexit Party,Calum Walker,FALSE,Brexit Party,6,FALSE
7,Scotland,Change UK,Joseph Russo,TRUE,Change UK,1,FALSE
7,Scotland,Change UK,David Macdonald,FALSE,Change UK,2,FALSE
7,Scotland,Change UK,Kate Forman,FALSE,Change UK,3,FALSE
7,Scotland,Change UK,Peter Griffiths,FALSE,Change UK,4,FALSE
7,Scotland,Change UK,Heather Astbury,FALSE,Change UK,5,FALSE
7,Scotland,Change UK,Catherine Edgeworth,FALSE,Change UK,6,FALSE
7,Scotland,Conservative,Nosheena Mobarik,FALSE,Conservative,1,FALSE
7,Scotland,Conservative,Iain McGill,FALSE,Conservative,2,FALSE
7,Scotland,Conservative,Shona Haslam,FALSE,Conservative,3,FALSE
7,Scotland,Conservative,Iain Whyte,FALSE,Conservative,4,FALSE
7,Scotland,Conservative,Andrea Gee,FALSE,Conservative,5,FALSE
7,Scotland,Conservative,Michael Kusznir,FALSE,Conservative,6,FALSE
7,Scotland,Greens,Maggie Chapman,FALSE,Greens,1,FALSE
7,Scotland,Greens,Lorna Slater,FALSE,Greens,2,FALSE
7,Scotland,Greens,Gillian Mackay,FALSE,Greens,3,FALSE
7,Scotland,Greens,Chas Booth,FALSE,Greens,4,FALSE
7,Scotland,Greens,Mags Hall,FALSE,Greens,5,FALSE
7,Scotland,Greens,Allan Faulds,FALSE,Greens,6,FALSE
7,Scotland,Independent,Ken Parke,FALSE,Ken Parke,1,FALSE
7,Scotland,Independent,Gordon Edgar,FALSE,Gordon Edgar,1,FALSE
7,Scotland,Labour,David Martin,FALSE,Labour,1,FALSE
7,Scotland,Labour,Jayne Baxter,FALSE,Labour,2,FALSE
7,Scotland,Labour,Craig Miller,FALSE,Labour,3,FALSE
7,Scotland,Labour,Amy Lee Fraioli,FALSE,Labour,4,FALSE
7,Scotland,Labour,Callum O’Dwyer,FALSE,Labour,5,FALSE
7,Scotland,Labour,Angela Bretherton,FALSE,Labour,6,FALSE
7,Scotland,Liberal Democrats,Sheila Ritchie,FALSE,Liberal Democrats,1,FALSE
7,Scotland,Liberal Democrats,Fred Mackintosh,FALSE,Liberal Democrats,2,FALSE
7,Scotland,Liberal Democrats,Catriona Bhatia,FALSE,Liberal Democrats,3,FALSE
7,Scotland,Liberal Democrats,Vita Zaporozcenko,FALSE,Liberal Democrats,4,FALSE
7,Scotland,Liberal Democrats,John Edward,FALSE,Liberal Democrats,5,FALSE
7,Scotland,Liberal Democrats,Clive Sneddon,FALSE,Liberal Democrats,6,FALSE
7,Scotland,SNP,Alyn Smith,FALSE,SNP,1,FALSE
7,Scotland,SNP,Christian Allard,FALSE,SNP,2,FALSE
7,Scotland,SNP,Aileen McLeod,FALSE,SNP,3,FALSE
7,Scotland,SNP,Margaret Ferrier,FALSE,SNP,4,FALSE
7,Scotland,SNP,Heather Anderson,FALSE,SNP,5,FALSE
7,Scotland,SNP,Alex Kerr,FALSE,SNP,6,FALSE
7,Scotland,Ukip,Donald Mackay,FALSE,Ukip,1,FALSE
7,Scotland,Ukip,Janice Mackay,FALSE,Ukip,2,FALSE
7,Scotland,Ukip,Otto Inglis,FALSE,Ukip,3,FALSE
7,Scotland,Ukip,Mark Meechan,FALSE,Ukip,4,FALSE
7,Scotland,Ukip,Roy Hill,FALSE,Ukip,5,FALSE
7,Scotland,Ukip,Neil Wilson,FALSE,Ukip,6,FALSE
6,Northern Ireland,Alliance,Naomi Long,FALSE,Alliance,1,FALSE
6,Northern Ireland,Conservative,Amandeep Singh Bhogal,FALSE,Conservative,1,FALSE
6,Northern Ireland,DUP,Diane Dodds,FALSE,DUP,1,FALSE
6,Northern Ireland,Green Party,Clare Bailey,FALSE,Green Party,1,FALSE
6,Northern Ireland,Independent,Jane Morrice,FALSE,Jane Morrice,1,FALSE
6,Northern Ireland,Independent,Neil McCann,FALSE,Neil McCann,1,FALSE
6,Northern Ireland,SDLP,Colum Eastwood,FALSE,SDLP,1,FALSE
6,Northern Ireland,Sinn Féin,Martina Anderson,FALSE,Sinn Féin,1,FALSE
6,Northern Ireland,Ukip,Robert Hill,FALSE,Ukip,1,FALSE
6,Northern Ireland,Ulster Unionists,Danny Kennedy,FALSE,Ulster Unionists,1,FALSE
6,Northern Ireland,TUV,Jim Allister,FALSE,TUV,1,FALSE
